Snapshots,Cost_time,final_loss
0719_n1_STB_320_c1.2_b8_aTrue_i3.0w,61823.28698015213,0.0699816,||cost_time:,95.22824025154114,0.38318777084350586,1.0043437480926514,2.8156275749206543,1.136038064956665,3.509709358215332,3.4362282752990723,0.3780837059020996,1.9176976680755615,1.445829153060913,1.5596253871917725,0.4790644645690918,3.6828958988189697,0.3829774856567383,2.4962642192840576,1.6344716548919678,1.0536091327667236,0.43468189239501953,0.41410112380981445,0.40537214279174805,0.7598311901092529,1.6313047409057617,0.786405086517334,1.7021994590759277,4.483995199203491,7.117278337478638,14.755371332168579,1.8377904891967773,0.6998767852783203,5.394624710083008,61823.28698015213,||loss:,0.367124,0.098762,0.116348,0.102148,0.0797213,0.0756235,0.0882947,0.10312,0.0931181,0.0936869,0.0764801,0.0738338,0.074251,0.0794827,0.0765555,0.0647976,0.087193,0.0650699,0.0880779,0.0769096,0.0742944,0.0689854,0.0806811,0.0867333,0.0762125,0.0586526,0.0763087,0.0679026,0.0652694,0.0699816
0719_n2_RS_320_c1.2_b8_aTrue_i4.0w,80763.3921558857,0.116626,||cost_time:,266.690762758255,0.5917007923126221,1.6157793998718262,1.6848173141479492,0.9767756462097168,2.4062554836273193,0.6249701976776123,0.4207301139831543,2.794219970703125,0.4095635414123535,0.4743070602416992,4.489969730377197,0.608436107635498,1.9605278968811035,1.0004582405090332,1.1779325008392334,1.1794090270996094,0.43799304962158203,1.4625520706176758,0.4242274761199951,1.1749958992004395,0.4369196891784668,2.4797427654266357,0.7598052024841309,0.44866228103637695,3.9618539810180664,0.8411548137664795,2.666382074356079,5.4649574756622314,0.6741058826446533,0.5734348297119141,0.8309259414672852,0.7779414653778076,1.6383895874023438,2.0735538005828857,1.827918529510498,6.185455560684204,1.0199236869812012,2.286519765853882,0.9353964328765869,80763.3921558857,||loss:,0.367367,0.232753,0.166451,0.171712,0.185955,0.17704,0.100893,0.171361,0.193651,0.1691,0.175589,0.125434,0.169736,0.107644,0.105187,0.17949,0.168833,0.156786,0.145058,0.166796,0.101174,0.112782,0.160054,0.152701,0.140317,0.144059,0.141532,0.110452,0.0797106,0.147687,0.158892,0.134031,0.158273,0.141166,0.0917789,0.100167,0.165221,0.132747,0.149536,0.116626
OriginPaper,59246.212881326675,0.130542,||cost_time:,214.6705358028412,2396.1375176906586,4577.491858005524,6396.148562192917,8211.593529224396,10126.600577831268,12382.479549646378,14238.74355506897,16165.16057395935,18230.780579328537,20084.345218658447,22067.689438343048,23867.91355085373,25539.36857509613,27483.825526714325,29554.411534547806,31518.0766146183,33485.24754738808,35339.04568862915,37017.043805122375,39051.70011019707,41138.698608636856,43297.03585767746,45458.49470257759,47262.78669857979,49279.63951635361,51238.2948114872,53222.312261104584,55290.35366940498,57191.086926698685,59246.212881326675,||loss:,0.367263,0.261388,0.203089,0.18536,0.193796,0.182813,0.20832,0.155702,0.204633,0.204239,0.161889,0.183026,0.163585,0.186681,0.14035,0.157354,0.151609,0.138942,0.153147,0.174915,0.173208,0.152391,0.132696,0.156557,0.138912,0.145072,0.136265,0.145509,0.158862,0.130542
OriginPaper,100381.27136611938,0.138165,||cost_time:,203.92276120185852,2467.5700936317444,4647.07358622551,6544.062481641769,8304.028733491898,10201.467916488647,12683.010517597198,14750.749613285065,16728.663340330124,18825.008624315262,20679.28037762642,22538.144758224487,24333.520513534546,26067.311775445938,27967.296498775482,29881.821546792984,31857.76989507675,33779.11135196686,35777.64036464691,37496.558624744415,39470.9941034317,41577.0709733963,43735.42995810509,45792.28457593918,47609.23486948013,49657.18565964699,51535.117248773575,53653.83248472214,55617.53548812866,57548.87450838089,59963.766743421555,61865.360553979874,63643.28616762161,65491.17769241333,67758.12434458733,69761.52055191994,72114.91049098969,74317.17866539955,76483.24558281898,78371.6567208767,80369.91058731079,82516.78322482109,84168.38659071922,85941.53566122055,87948.89439797401,89812.81974673271,92370.31049728394,93931.92041778564,95987.07019639015,98141.1718018055,100381.27136611938,||loss:,0.360964,0.237047,0.21537,0.190254,0.172192,0.180756,0.167259,0.21119,0.167543,0.162965,0.170397,0.138969,0.159088,0.14987,0.167454,0.15266,0.149677,0.13473,0.137775,0.13932,0.148617,0.162283,0.130187,0.165642,0.16599,0.153482,0.143225,0.120926,0.137087,0.135091,0.135882,0.118844,0.13996,0.128066,0.0988648,0.127461,0.150634,0.138514,0.13474,0.137423,0.123501,0.132313,0.113307,0.133275,0.13964,0.143034,0.130939,0.126814,0.113704,0.138165
0722_n1_RHD_c1.2_b16_aTrue_vFalse_i3.0w,22505.976417541504,0.11546,||cost_time:,15.8297119140625,892.7069847583771,1629.9991054534912,2367.3721239566803,3106.46342086792,3832.6397547721863,4584.723410844803,5323.406301736832,6071.0369255542755,6812.358058691025,7560.76532125473,8295.819217443466,9030.299665927887,9764.853397846222,10496.932156324387,11226.796708106995,11971.921222925186,12744.162998199463,13508.383203029633,14270.146561861038,15036.228505134583,15788.994801282883,16534.91981625557,17282.647819280624,18025.397892951965,18779.062777280807,19510.507727622986,20278.03455901146,21028.769434690475,21772.428913593292,22505.976417541504,||loss:,0.361292,0.217962,0.183252,0.18033,0.169236,0.189596,0.162968,0.16862,0.154403,0.15739,0.154738,0.16473,0.148271,0.143146,0.129412,0.138104,0.160335,0.126989,0.141821,0.127424,0.130285,0.140735,0.146432,0.146763,0.137389,0.124353,0.129835,0.139789,0.148528,0.11546
0722_n2_RHD_c1.2_b16_aTrue_vFalse_i5.0w,35666.31450176239,0.108927,||cost_time:,19.589683771133423,896.4341192245483,1634.498856306076,2374.7912147045135,3110.1047587394714,3838.5396926403046,4592.784582853317,5329.81417798996,6075.828140735626,6821.680244684219,7570.199911832809,8303.100944042206,9037.427302598953,9770.557085514069,10509.611159563065,11238.141736745834,11986.497337818146,12765.076628684998,13529.628726243973,14293.789338350296,15054.940871238708,15803.999762296677,16552.49623966217,17297.287396907806,18050.501677274704,18800.13462781906,19538.953230142593,20306.84185743332,21059.36531496048,21802.2190887928,22526.212309598923,23197.348913908005,23868.55667924881,24538.01394891739,25208.663613557816,25879.665373325348,26548.295367240906,27214.29010772705,27880.466621398926,28548.408483743668,29215.006612062454,29878.500878095627,30543.97509407997,31210.24423766136,31876.12401866913,32539.956748008728,33206.850128650665,33827.72342133522,34435.48500752449,35052.15223646164,35666.31450176239,||loss:,0.365457,0.204828,0.188295,0.195229,0.160871,0.180962,0.158422,0.162652,0.148999,0.150964,0.159827,0.149542,0.138518,0.148601,0.126735,0.121539,0.146748,0.139614,0.143123,0.140205,0.124643,0.134634,0.121685,0.132923,0.129452,0.138108,0.122497,0.13623,0.118599,0.114126,0.109634,0.136247,0.120049,0.119239,0.124743,0.135036,0.107316,0.118409,0.125461,0.13572,0.134649,0.109112,0.119741,0.107993,0.12161,0.107484,0.130985,0.117058,0.124525,0.108927
0724_n2_RHD_c1.2_b8_aFalse_vTrue_i3.0w,10787.501073122025,0.093684,||cost_time:,10.182459115982056,354.5555033683777,709.8095579147339,1070.0468618869781,1433.766413450241,1793.1566998958588,2154.360096693039,2513.150729894638,2876.1313717365265,3244.7455291748047,3609.5062215328217,3969.2187039852142,4326.82997751236,4689.626095533371,5049.757304430008,5409.890936374664,5767.266499996185,6127.584091901779,6491.167393445969,6848.255483627319,7204.92383980751,7559.619575023651,7918.8663647174835,8275.374519348145,8635.597931861877,8993.773872613907,9355.504099845886,9714.71757864952,10073.394093751907,10429.388110876083,10787.501073122025,||loss:,0.369107,0.195398,0.196241,0.158006,0.162115,0.173921,0.140491,0.122649,0.133782,0.149802,0.118637,0.148431,0.107622,0.125635,0.113742,0.143939,0.103631,0.0963739,0.114653,0.118753,0.123768,0.103979,0.105331,0.115132,0.134428,0.0982223,0.105399,0.128028,0.0948007,0.093684
0724_n3_RHD_c1.1_b8_aFalse_vTrue_i3.0w,10902.014470338821,0.11504,||cost_time:,11.42952013015747,364.84121203422546,723.3839626312256,1088.3093984127045,1460.1303627490997,1823.217539548874,2187.784583091736,2551.820387363434,2921.683454275131,3290.728502035141,3657.0746178627014,4019.1873762607574,4380.227472782135,4744.717805624008,5107.704146146774,5468.5274295806885,5832.0357077121735,6192.923275470734,6558.571951389313,6919.618036985397,7281.434227466583,7644.18913936615,8008.606676101685,8372.355975866318,8735.928100585938,9097.568926334381,9460.445249319077,9823.312495946884,10186.48328280449,10546.472211122513,10902.014470338821,||loss:,0.36653,0.245828,0.200357,0.200952,0.196915,0.195502,0.197776,0.145282,0.148002,0.173343,0.179613,0.115252,0.137305,0.149562,0.11467,0.130764,0.12694,0.128549,0.1281,0.11164,0.0817378,0.101581,0.12781,0.0917507,0.122308,0.104822,0.112773,0.108889,0.104837,0.11504
0724_n1_RS_320_c1.2_b8_aTrue_vTrue_i4.0w,14039.720223665237,0.149074,||cost_time:,10.43995189666748,337.8758227825165,685.8639509677887,1042.7691304683685,1406.1097059249878,1766.929733991623,2126.128101825714,2484.7192363739014,2844.0941174030304,3208.353137731552,3572.105865716934,3931.8561367988586,4288.343221187592,4647.300692558289,5012.300431728363,5373.440347671509,5733.779415845871,6089.764581918716,6448.270529985428,6809.852075576782,7167.368324518204,7527.585834741592,7885.043373823166,8243.714117765427,8601.693526506424,8962.893680334091,9320.71420621872,9678.742188453674,10037.902948141098,10396.167659282684,10753.001302242279,11106.939186096191,11431.42136478424,11753.333462953568,12075.7107796669,12398.634452581406,12719.744152784348,13041.033759832382,13362.603335857391,13700.351812124252,14039.720223665237,||loss:,0.368069,0.206714,0.189623,0.219062,0.183507,0.162753,0.0932797,0.155323,0.181392,0.173821,0.167733,0.166852,0.176919,0.131936,0.156289,0.182874,0.142934,0.12924,0.136644,0.166561,0.107514,0.135216,0.191577,0.174777,0.123892,0.165358,0.152037,0.0850111,0.091206,0.139509,0.150467,0.142308,0.160539,0.135219,0.0866631,0.0783597,0.134956,0.128557,0.132877,0.149074
0724_n4_RHD_c1.2_b8_aFalse_vTrue_i5.0w,17640.421725988388,0.0686597,||cost_time:,11.229642152786255,369.65398049354553,729.1441013813019,1094.310049533844,1458.0975234508514,1821.044644832611,2188.4605572223663,2551.875718355179,2921.463360786438,3293.0578048229218,3655.444650888443,4020.9546358585358,4384.173115491867,4751.191698789597,5113.434636592865,5473.741832256317,5836.129153251648,6200.799731254578,6564.898478269577,6925.710686683655,7285.402483701706,7648.039855480194,8006.868027448654,8368.150627374649,8729.599155664444,9088.510691642761,9454.221521377563,9816.50132226944,10177.264727830887,10535.118294000626,10884.950390815735,11224.105511665344,11565.850374698639,11906.458122491837,12246.561582326889,12587.362403154373,12928.268097162247,13271.686162471771,13615.951782941818,13949.105410575867,14284.87909412384,14621.163006305695,14957.165297985077,15294.838425636292,15629.270797729492,15965.450314283371,16300.926282644272,16639.547794103622,16972.916682243347,17304.265513896942,17640.421725988388,||loss:,0.365783,0.202987,0.187537,0.184214,0.201458,0.178733,0.138024,0.196725,0.135453,0.126848,0.156407,0.136354,0.122144,0.136486,0.123221,0.125817,0.136261,0.131402,0.106722,0.135404,0.103713,0.0942432,0.0997616,0.132092,0.122506,0.102832,0.114671,0.101624,0.116422,0.0812661,0.114911,0.116195,0.104666,0.113785,0.086787,0.0930688,0.0842837,0.090089,0.0776658,0.123022,0.0812191,0.0861254,0.0991147,0.0904421,0.0866411,0.0730379,0.102939,0.075062,0.11254,0.0686597
0801_n1_RHD_c1.2_b8_aFalse_vTrue_i3.0w,50363.20978283882,0.349183,||cost_time:,47.52275013923645,1830.120423078537,3559.953700065613,5250.2513263225555,6936.571977615356,8596.983087778091,10263.188428878784,11926.645599126816,13589.246621370316,15253.03421664238,16909.845938682556,18559.312214374542,20210.14759993553,21849.438500881195,23488.37030696869,25126.39566063881,26787.502109527588,28457.641996622086,30135.068641901016,31797.645087718964,33432.90249013901,35080.070393800735,36785.78647875786,38684.94047045708,40613.540122032166,42285.47151970863,43916.707785606384,45540.304295539856,47157.54983878136,48766.40140604973,50363.20978283882,||loss:,0.365919,0.355142,0.351747,0.353372,0.350686,0.350714,0.349057,0.350675,0.349582,0.349175,0.35056,0.350216,0.349641,0.336563,0.350027,0.348788,0.349712,0.349131,0.349163,0.348449,0.348749,0.349055,0.347456,0.349226,0.349884,0.348034,0.348557,0.348328,0.347332,0.349183
0802_n2_STB_320_c1.2_b8_aFalse_vTrue_dTrue_i3.0w,20701.678903102875,0.0240912,||cost_time:,17.66605234146118,708.0412867069244,1403.479658126831,2090.660650253296,2777.1407685279846,3461.473134994507,4146.735336780548,4831.521948337555,5519.533985614777,6204.57529592514,6886.651416540146,7577.532063245773,8268.245080471039,8961.378634929657,9652.930249452591,10341.260930538177,11028.255300998688,11720.77360033989,12413.36811041832,13103.428102731705,13794.673734426498,14487.086243391037,15181.184478998184,15871.373587846756,16561.622134447098,17248.857043981552,17940.2863240242,18631.09398174286,19321.223701238632,20011.244116067886,20701.678903102875,||loss:,0.709796,0.159994,0.0883887,0.124947,0.0636636,0.112646,0.161612,0.100407,0.120097,0.0758348,0.082476,0.0452944,0.054152,0.0695369,0.0418784,0.0620382,0.0900137,0.0450798,0.0501617,0.0496644,0.0475963,0.0481358,0.0489241,0.0681106,0.0373431,0.0271393,0.0205643,0.0303647,0.0587265,0.0240912
0802_n1_STB_320_c1.2_b8_aFalse_vTrue_i3.0w,56349.05761909485,0.242544,||cost_time:,35.609991788864136,1647.2156677246094,3251.4561247825623,4880.096129417419,6543.64547419548,8241.744378566742,9981.760919570923,11743.152909040451,13529.097090244293,15342.814632892609,17186.41655063629,19042.988618135452,20916.103566884995,22788.115486860275,24992.335515499115,27431.472729444504,29387.821287870407,31295.853429555893,33213.07339763641,35127.32839846611,37056.23955607414,38980.29771566391,40906.16464281082,42827.97454071045,44761.17825317383,46690.310271024704,48639.54105210304,50571.98537135124,52505.046838998795,54426.233454465866,56349.05761909485,||loss:,0.36701,0.25705,0.256893,0.259175,0.259448,0.256315,0.256252,0.257822,0.251494,0.250118,0.245817,0.250846,0.249778,0.243591,0.246272,0.245168,0.247637,0.247072,0.244158,0.245092,0.245157,0.246901,0.244022,0.245295,0.245026,0.242992,0.242945,0.244103,0.243139,0.242544
0804_n1_RHD_c1.2_b8_aFalse_vTrue_dTrue_i3.0w,11097.507309675217,0.142819,||cost_time:,12.897789716720581,379.5320293903351,754.4549403190613,1140.5044956207275,1520.8199980258942,1903.7747786045074,2283.2657341957092,2660.6152296066284,3032.1715359687805,3399.453272819519,3772.8137578964233,4136.675651550293,4501.574558019638,4870.311922550201,5232.179683685303,5598.095792293549,5968.00856924057,6331.1603944301605,6702.924214601517,7067.443085670471,7431.1370351314545,7800.727439880371,8165.7756979465485,8530.082107067108,8898.752272605896,9263.94622206688,9632.946089982986,9999.783430337906,10363.85679101944,10734.782980203629,11097.507309675217,||loss:,0.710883,0.312836,0.341086,0.278064,0.291984,0.325226,0.265937,0.272518,0.224088,0.272365,0.229762,0.248302,0.260562,0.19445,0.170378,0.220019,0.236622,0.199474,0.130728,0.236857,0.129373,0.149552,0.14905,0.146505,0.194732,0.185029,0.165628,0.151076,0.132545,0.142819
0804_n2_RHD_slim_c1.2_b8_aFalse_vTrue_dTrue_i3.0w,11469.954893827438,0.120865,||cost_time:,12.277895212173462,379.0274467468262,750.8317251205444,1149.6355695724487,1565.6815526485443,1957.2489252090454,2354.7355687618256,2730.286640405655,3117.4170303344727,3492.6520125865936,3875.9264085292816,4252.672110080719,4630.8060183525085,5014.007435083389,5387.534588813782,5773.793670892715,6149.45358133316,6537.561007976532,6912.03334569931,7299.3381361961365,7674.906757354736,8063.128236055374,8435.985262393951,8817.156952619553,9199.687772035599,9572.76660323143,9961.359693050385,10337.108210325241,10726.422547578812,11099.127751588821,11469.954893827438,||loss:,0.712008,0.404349,0.302525,0.286506,0.314224,0.253626,0.234299,0.197585,0.245051,0.209728,0.193177,0.259821,0.208453,0.142561,0.207911,0.224765,0.150969,0.218508,0.170297,0.203935,0.190396,0.126776,0.172468,0.188435,0.131233,0.17423,0.108633,0.128414,0.154281,0.120865
0806_n1_RS_320_c1.2_b8_aFalse_vTrue_dTrue_i4.0w,14918.38894200325,0.197279,||cost_time:,11.11716341972351,382.0866572856903,749.1807885169983,1117.4610772132874,1479.9060685634613,1845.7013301849365,2208.3188786506653,2565.6542563438416,2914.093722820282,3262.8230125904083,3614.2721738815308,3964.2234728336334,4314.059101343155,4685.93754196167,5063.715455293655,5444.70325088501,5817.337222576141,6203.5680539608,6576.510570764542,6949.392549276352,7332.340663194656,7707.6725335121155,8081.946758747101,8463.657450914383,8845.505002975464,9227.537502765656,9610.745108604431,9989.125289201736,10371.172405719757,10744.977780342102,11120.039021492004,11504.458963155746,11878.159721136093,12263.529302835464,12637.85073018074,13018.84743475914,13395.257618427277,13769.427644014359,14154.073429346085,14535.021338224411,14918.38894200325,||loss:,0.712071,0.414714,0.307968,0.325792,0.320619,0.313308,0.180393,0.212646,0.337457,0.201586,0.283485,0.211716,0.261756,0.177613,0.174895,0.240933,0.159556,0.228167,0.184702,0.221224,0.106271,0.178486,0.136018,0.162107,0.161762,0.19944,0.16905,0.098853,0.0965124,0.244414,0.16894,0.205882,0.169216,0.157413,0.109467,0.134106,0.269851,0.219566,0.232675,0.197279
0806_n2_RS_320_c1.2_b8_aFalse_vTrue_dTrue_i5.0w,18581.149827957153,0.0641771,||cost_time:,9.220624685287476,366.2758777141571,724.2697458267212,1092.5878319740295,1455.040539741516,1820.8366549015045,2183.40567111969,2539.9930160045624,2885.335986852646,3229.606705904007,3573.6365320682526,3921.3759133815765,4266.723529577255,4628.383912801743,5011.952644586563,5391.27681851387,5761.080243587494,6141.104556798935,6516.974733114243,6887.821416378021,7264.398961305618,7642.909249305725,8013.268643379211,8391.293437957764,8775.970450162888,9147.02582359314,9530.415932655334,9914.917016983032,10283.905267238617,10668.156172990799,11038.509011507034,11413.968225479126,11795.463792324066,12170.00060749054,12551.365515470505,12923.531990528107,13299.68571305275,13679.050580978394,14051.136078119278,14441.130614757538,14813.174304008484,15192.63754272461,15561.132216215134,15938.251993894577,16317.245395421982,16685.90522146225,17065.96221804619,17451.587153434753,17821.67444086075,18201.430698394775,18581.149827957153,||loss:,0.707373,0.373326,0.301169,0.339107,0.251527,0.297568,0.178401,0.165764,0.262438,0.334197,0.2708,0.286499,0.150054,0.164804,0.25667,0.208792,0.202933,0.178586,0.197287,0.23527,0.126434,0.202471,0.144448,0.191499,0.222553,0.161064,0.152606,0.102737,0.143297,0.180941,0.171621,0.14748,0.125265,0.178558,0.111084,0.111364,0.182857,0.130634,0.137106,0.149336,0.12652,0.09383,0.0925869,0.115015,0.174917,0.127235,0.14471,0.157692,0.0900771,0.0641771
0806_n4_RS_320_c1.2_b8_aFalse_vTrue_dTrue_i7.0w,27381.33435702324,0.125798,||cost_time:,10.269102096557617,396.8912844657898,793.2850816249847,1169.2131652832031,1557.2913892269135,1934.9187245368958,2333.488044500351,2730.2249178886414,3131.715207338333,3513.985729932785,3908.4063951969147,4286.222476243973,4676.333312511444,5051.302221775055,5395.822009563446,5742.698494434357,6087.395979642868,6476.445584058762,6856.883327722549,7239.638695716858,7643.589552640915,8039.833007335663,8433.530217170715,8813.846167087555,9205.04822731018,9590.03413105011,9978.085001945496,10371.011900901794,10750.111747980118,11141.447797060013,11526.876205444336,11914.14057970047,12306.573439836502,12685.353847026825,13080.723644256592,13471.755828142166,13860.293719768524,14252.946898698807,14631.233392715454,15023.607921600342,15416.440400123596,15808.580485105515,16208.361002445221,16599.630084991455,17004.425199985504,17391.18182373047,17780.12646317482,18175.37890315056,18560.67241835594,18982.710971832275,19370.558832645416,19759.468292951584,20197.57900238037,20580.674758672714,20976.265967607498,21387.145384788513,21774.579795122147,22193.00536799431,22576.26767873764,22993.336778879166,23382.944872140884,23791.867351531982,24188.839977264404,24592.29394721985,24985.99091076851,25368.11213493347,25785.56291103363,26173.46012544632,26582.287302732468,26981.239891767502,27381.33435702324,||loss:,0.712707,0.381432,0.317944,0.305597,0.278172,0.236541,0.184892,0.15799,0.358861,0.227544,0.212531,0.274441,0.199758,0.153487,0.219151,0.297528,0.32709,0.171225,0.208617,0.182623,0.0865493,0.222115,0.16136,0.205792,0.137431,0.235385,0.131245,0.118967,0.115945,0.246911,0.189975,0.199642,0.155768,0.155417,0.132014,0.126814,0.198276,0.119159,0.175282,0.127599,0.137959,0.0881228,0.0931208,0.131089,0.136451,0.167034,0.195375,0.119634,0.0835725,0.0995135,0.110725,0.128291,0.137685,0.0880321,0.0841981,0.107975,0.068147,0.125283,0.143537,0.13236,0.106462,0.150963,0.0457122,0.0719421,0.0979435,0.10997,0.115548,0.142541,0.117095,0.125798
0806_n3_RS_320_c1.2_b8_aFalse_vTrue_dFalse_i5.0w,73162.30893468857,0.346494,||cost_time:,8.667877674102783,1684.377851486206,3322.272556781769,4929.942153215408,6485.182980060577,8056.361869096756,9565.573246955872,11037.354099273682,12598.424618244171,14135.93771147728,15665.684490919113,17197.268429756165,18713.45457291603,20193.767043590546,21627.452038526535,23146.247261285782,24654.87771677971,26159.696483135223,27654.091007709503,29129.15912938118,30564.520367622375,31961.595687150955,33441.82521867752,34920.11728644371,36405.713660001755,37866.6030395031,39322.04035401344,40748.12441921234,42117.68850898743,43574.81307029724,45045.61040854454,46512.05694723129,47952.535945892334,49393.95278596878,50789.290207624435,52145.39719796181,53580.340716362,55025.29305148125,56456.50023531914,57882.280173540115,59307.839051008224,60708.75927186012,62051.59000968933,63470.925253391266,64911.68460440636,66332.76324820518,67694.34222793579,69102.23884820938,70457.56985592842,71778.87010979652,73162.30893468857,||loss:,0.365913,0.355618,0.35474,0.352959,0.351647,0.350252,0.348067,0.349745,0.351865,0.352061,0.351382,0.350356,0.348686,0.348192,0.348785,0.349602,0.35018,0.349344,0.350368,0.348469,0.34801,0.34778,0.348528,0.348984,0.348451,0.348873,0.349086,0.347338,0.347171,0.35027,0.347653,0.348889,0.348971,0.348834,0.346994,0.347407,0.34412,0.348706,0.348832,0.350383,0.347689,0.347273,0.346748,0.347889,0.348198,0.347934,0.347152,0.348465,0.346888,0.346494
0807_n2_RS_320_c1.2_b8_aFalse_vTrue_dTrue_i9.0w,34267.39193558693,0.0955854,||cost_time:,7.626362323760986,391.66243743896484,774.1675109863281,1155.3064711093903,1554.0000007152557,1951.1330909729004,2334.3482887744904,2714.5723111629486,3094.33026099205,3467.6968247890472,3851.056706428528,4232.678664922714,4616.6006371974945,4999.039293289185,5383.868344545364,5759.436154842377,6131.4390234947205,6518.828322649002,6898.096080064774,7277.191979408264,7664.131378412247,8067.052167892456,8442.72130227089,8826.00846004486,9213.050750017166,9598.360682964325,9985.887569904327,10369.697152614594,10754.434451818466,11140.615604400635,11519.102437257767,11900.558458089828,12286.467907428741,12673.270971775055,13059.514483451843,13445.645930051804,13831.4269323349,14217.249167203903,14596.065275669098,14976.366158723831,15319.94773030281,15679.085325241089,16062.433705806732,16439.454357624054,16818.58465743065,17196.35008907318,17579.440002679825,17957.537695884705,18342.00070977211,18717.92596411705,19104.032835006714,19479.084612846375,19863.550366163254,20237.243490934372,20623.88148021698,20998.648312807083,21384.663984298706,21757.605580806732,22144.086395025253,22517.69329404831,22903.002793073654,23274.247463941574,23656.53637433052,24032.463654756546,24414.74867296219,24791.573994636536,25174.22669672966,25552.22309446335,25931.10542011261,26310.258583307266,26686.304710149765,27069.802376270294,27441.75810623169,27826.548533201218,28200.071338176727,28586.515429019928,28960.562864542007,29347.443404197693,29719.21944117546,30103.62357068062,30477.10948729515,30864.058207035065,31234.93603873253,31618.9537255764,31992.19834280014,32377.008977890015,32751.236872196198,33133.3894340992,33510.16617846489,33890.51292681694,34267.39193558693,||loss:,0.711228,0.492415,0.363118,0.340055,0.312108,0.277404,0.14667,0.391839,0.259329,0.23815,0.178525,0.296623,0.241298,0.204844,0.273034,0.237483,0.132627,0.169351,0.175405,0.162397,0.135967,0.191714,0.137112,0.172416,0.19875,0.141425,0.10501,0.0936117,0.117348,0.105119,0.210088,0.2704,0.182176,0.14432,0.114007,0.0923239,0.183517,0.137875,0.173343,0.113098,0.188992,0.0920123,0.110311,0.155562,0.115078,0.111404,0.107962,0.112129,0.0815079,0.0883992,0.108452,0.133565,0.102991,0.0874815,0.091993,0.0833588,0.0476368,0.133082,0.134284,0.127237,0.127885,0.126931,0.0892726,0.0606022,0.110766,0.170637,0.109879,0.113699,0.0992001,0.0671437,0.0875121,0.135575,0.107416,0.117378,0.0944845,0.0941063,0.0840712,0.0653543,0.0918438,0.096844,0.103702,0.0819536,0.0795367,0.107843,0.0667692,0.106048,0.117823,0.142842,0.130252,0.0955854
0807_n1_RHD_c1.2_b8_aFalse_vTrue_dFalse_i3.0w,62865.96636939049,0.105907,||cost_time:,16.596599340438843,2022.2154319286346,4066.1963016986847,6135.507711172104,8211.825335741043,10295.203362941742,12388.57268333435,14493.971660852432,16597.932396173477,18710.85751223564,20815.6781976223,22914.506512641907,25016.7869246006,27111.66996407509,29207.790536165237,31300.81520962715,33395.49100637436,35500.12676906586,37616.51702165604,39738.631076574326,41843.156492471695,43952.10541343689,46060.55399942398,48157.48225212097,50253.90865802765,52347.745163440704,54444.18311667442,56539.58201622963,58643.13093996048,60754.72454953194,62865.96636939049,||loss:,0.367711,0.232449,0.201162,0.208956,0.182017,0.148806,0.158968,0.161857,0.129644,0.123988,0.138356,0.133245,0.137277,0.137782,0.126703,0.120607,0.115297,0.10806,0.116082,0.120265,0.104612,0.09683,0.0896128,0.128409,0.099572,0.11071,0.109407,0.101861,0.0987549,0.105907
0809_n1_RS_320_c1.2_b8_aFalse_vTrue_dTrue_i11.0w,40397.642985105515,0.0939173,||cost_time:,10.792827844619751,377.11429381370544,740.514481306076,1114.8067791461945,1479.1443138122559,1849.768441915512,2249.8057374954224,2639.819664955139,3027.6319601535797,3406.3085486888885,3781.192523241043,4161.56522154808,4544.492767333984,4922.0210971832275,5309.699676990509,5684.813391685486,6058.669285058975,6435.957971572876,6816.174302101135,7185.598509550095,7561.2081089019775,7943.334085702896,8315.681876420975,8693.134724378586,9072.979569911957,9444.369611740112,9828.75330877304,10204.006682872772,10579.961694717407,10964.214930534363,11344.772349357605,11734.768363237381,12121.326220273972,12512.8783993721,12898.459538459778,13291.111512899399,13673.523701190948,14066.113305807114,14448.016292572021,14840.20478439331,15222.563842773438,15617.008284330368,15998.955735206604,16392.134895801544,16779.13028383255,17169.83556652069,17561.18643760681,17946.577113628387,18340.014202833176,18722.792842388153,19116.554050683975,19499.21987748146,19892.86257982254,20272.141216516495,20658.136583566666,21034.103406190872,21419.725036621094,21793.272515296936,22172.823370456696,22554.024339199066,22958.202787399292,23345.373317718506,23695.021441221237,24037.546327352524,24379.194659233093,24719.713188409805,25062.884072303772,25407.35413646698,25762.510930538177,26147.725731611252,26498.818599700928,26849.316325187683,27199.827507019043,27549.406141281128,27898.391301870346,28246.639971971512,28596.823374271393,28945.66027879715,29293.754417657852,29640.99897003174,29991.09196329117,30341.73039650917,30690.554656028748,31035.917887210846,31384.980897665024,31733.604958295822,32082.16663455963,32431.361233234406,32780.0614631176,33129.26333427429,33472.94915652275,33815.18638539314,34157.78583049774,34500.600368499756,34841.790737867355,35183.180737018585,35526.28586792946,35869.47707056999,36211.9784412384,36555.41666340828,36899.043694496155,37244.87539243698,37587.81227493286,37934.122794389725,38282.852419137955,38635.48529815674,38990.09349536896,39342.91645717621,39695.22571468353,40047.262506484985,40397.642985105515,||loss:,0.708387,0.34957,0.312778,0.378328,0.247419,0.251116,0.202037,0.243301,0.233766,0.278145,0.2631,0.228278,0.263932,0.219783,0.123989,0.223688,0.224706,0.218651,0.189813,0.16677,0.133348,0.188046,0.267228,0.132302,0.181334,0.162078,0.155236,0.0844725,0.0786296,0.128254,0.129043,0.0915039,0.166121,0.268715,0.104889,0.0908661,0.187407,0.167815,0.123894,0.199811,0.101689,0.0826749,0.0958082,0.114526,0.13153,0.142429,0.11135,0.130064,0.0977322,0.0774475,0.136724,0.141181,0.113795,0.0912139,0.157149,0.0800736,0.0756171,0.0968198,0.097193,0.12451,0.110916,0.0854484,0.121613,0.0625118,0.141398,0.10679,0.105241,0.112779,0.11359,0.0777367,0.0591574,0.102126,0.109781,0.133922,0.121422,0.118833,0.0797588,0.0714785,0.108294,0.143172,0.162994,0.0935616,0.0646209,0.0857323,0.0482083,0.101448,0.0749904,0.0884031,0.135898,0.0812736,0.0582683,0.0678807,0.118176,0.0873883,0.0854308,0.0713872,0.101796,0.0647835,0.0604099,0.12554,0.0779439,0.0857376,0.0690052,0.0811121,0.0464525,0.0729801,0.116356,0.0823107,0.0822631,0.0939173
0810_n1_RHD_c1.2_b8_aFalse_vTrue_dTrue_i6.0w,20694.76509332657,0.0999035,||cost_time:,10.588400602340698,375.0399377346039,736.0269310474396,1094.025218486786,1453.2123448848724,1811.066790819168,2160.6250779628754,2503.79843044281,2847.4807579517365,3190.105442762375,3531.42720413208,3874.0645093917847,4215.668872356415,4557.607468366623,4898.764563798904,5240.372687339783,5580.537931919098,5920.512259244919,6261.654187440872,6602.273931264877,6943.188900947571,7284.77556014061,7626.305798530579,7967.568683385849,8308.54435133934,8649.142757415771,8991.128528118134,9332.393777132034,9674.191015720367,10016.503605365753,10357.210244178772,10699.020557403564,11040.840592622757,11382.611228466034,11724.061387300491,12065.90659403801,12408.185504674911,12749.81854724884,13092.214247226715,13437.864361524582,13783.391996383667,14129.645501852036,14474.16592168808,14819.943866968155,15164.79091000557,15508.793457269669,15854.270205259323,16198.979765176773,16543.97750353813,16890.535394906998,17235.639191389084,17580.4452958107,17925.99978518486,18272.440093517303,18616.986557483673,18963.05066227913,19310.92128753662,19656.846632242203,20002.879643201828,20348.157930850983,20694.76509332657,||loss:,0.708018,0.436204,0.352759,0.326834,0.227657,0.250938,0.251706,0.283286,0.221084,0.208065,0.18397,0.265609,0.206553,0.263613,0.229008,0.151055,0.203044,0.168905,0.201296,0.20443,0.19583,0.232787,0.13618,0.128745,0.118915,0.158646,0.134491,0.148497,0.150152,0.153413,0.143953,0.146404,0.117671,0.0850546,0.139943,0.134365,1.68937,0.154264,0.135283,0.16674,0.179595,0.104018,0.124779,0.126648,0.131908,0.0884308,0.130607,0.107657,0.100009,0.119789,0.0940869,0.102756,0.0809613,0.094817,0.0933985,0.077012,0.0898418,0.13177,0.0933386,0.0999035
0810_n2_STB_320_c1.2_b8_aFalse_vTrue_dTrue_i6.0w,20697.21112370491,0.0138496,||cost_time:,9.988466262817383,374.8918673992157,731.6186745166779,1074.4353318214417,1417.9053058624268,1761.7105021476746,2103.5700540542603,2446.9018194675446,2789.818814277649,3131.9585320949554,3473.897829055786,3816.1657207012177,4157.9621114730835,4498.145826339722,4839.722320795059,5181.13810133934,5524.8708319664,5869.055159568787,6213.13827085495,6558.47331237793,6901.399451494217,7245.70964884758,7588.163055419922,7928.9279935359955,8272.51626777649,8613.552511930466,8956.48550081253,9301.727817058563,9646.315603971481,9989.541992902756,10335.353491067886,10680.89794921875,11026.614149093628,11372.624722242355,11715.079152822495,12056.8252120018,12398.168159723282,12740.737340450287,13087.233544826508,13432.63226556778,13777.597689151764,14124.143602371216,14470.576642751694,14817.086307525635,15164.529607057571,15508.950662612915,15856.064546823502,16202.761332511902,16547.244831562042,16892.980803251266,17241.00031065941,17589.840523958206,17937.017629623413,18281.66234755516,18626.833886384964,18972.392666101456,19317.566189050674,19662.13299012184,20007.468445777893,20353.705368041992,20697.21112370491,||loss:,0.710491,0.234919,0.176422,0.184854,0.148291,0.0814675,0.121698,0.13963,0.12693,0.0730862,0.0949369,0.0747147,0.102332,0.0792298,0.0669139,0.0576973,0.0616116,0.0434213,0.0791375,0.0331223,0.0617546,0.0356249,0.0319773,0.0513639,0.0290939,0.0598756,0.0273095,0.0261777,0.0398755,0.0394191,0.0414607,0.0452515,0.0201396,0.033321,0.024988,0.0277983,0.0201353,0.0350437,0.0230207,0.0206775,0.0238984,0.0269491,0.0207283,0.0289783,0.0241714,0.0155145,0.0239685,0.0170424,0.0234781,0.0207462,0.0229854,0.0145373,0.0200243,0.0210807,0.0163518,0.0182801,0.0131409,0.0143565,0.0202626,0.0138496
0813_n1_RHD_c1.2_b8_aFalse_vTrue_dTrue_i9.0w,33645.408420562744,0.0600384,||cost_time:,12.135489463806152,372.3434679508209,723.3267769813538,1069.8979270458221,1429.9497797489166,1788.052354812622,2129.116931438446,2467.6649622917175,2807.679095029831,3146.9190196990967,3485.616322040558,3826.0408914089203,4164.634103775024,4504.637743473053,4848.1067950725555,5195.918461084366,5538.6230256557465,5881.534508228302,6223.240674972534,6566.857920408249,6917.108197212219,7263.957828760147,7607.031843423843,7950.292320728302,8299.362557888031,8644.544548511505,8987.70797920227,9333.679901361465,9688.194558143616,10057.363808870316,10427.372839212418,10914.539733171463,11273.978827953339,11644.366843938828,12015.635288000107,12377.598700284958,12855.12906908989,13217.960944414139,13591.465581655502,13963.130333185196,14327.612705230713,14771.163043260574,15141.157777309418,15514.553380727768,15877.148509263992,16250.02557182312,16618.569388866425,16988.481701612473,17362.91421175003,17727.39572572708,18099.806213855743,18472.167708158493,18845.36531352997,19219.679786920547,19584.91596841812,19958.759656190872,20359.627990961075,20738.506663799286,21105.93650984764,21677.357541561127,22195.9431579113,22716.116914987564,23096.51907801628,23483.409230947495,23883.76979613304,24276.434850215912,24656.35949921608,25021.94555425644,25400.357449054718,25777.547609329224,26151.240973472595,26530.233510494232,26903.184767723083,27276.81614255905,27655.801316022873,28022.485417366028,28402.252797603607,28778.83209657669,29149.30871987343,29526.30015230179,29895.625679969788,30272.822379112244,30652.023402929306,31020.171732902527,31397.426443099976,31773.18596148491,32144.47273874283,32521.8713927269,32892.74627161026,33266.45085120201,33645.408420562744,||loss:,0.711238,0.434168,0.377545,0.345369,0.329478,0.227778,0.299954,0.209984,0.128587,9.16688,0.23463,0.189082,0.225768,0.227552,0.183103,0.228832,0.159226,0.177798,0.148785,0.184874,0.16786,0.182526,0.174794,0.153102,0.167889,0.135991,0.173771,0.110513,0.113388,0.164241,0.137376,0.105274,0.132299,0.136872,0.10209,0.123223,0.152929,0.141671,0.117372,0.115764,0.131457,0.118781,0.110284,0.102392,0.131722,0.14426,0.0989892,0.11576,0.103961,0.125408,0.102671,0.0728437,0.129384,0.0818369,0.128121,0.116485,0.0697324,0.115147,0.106869,0.139348,0.0831227,0.104335,0.155594,0.0736524,0.0954243,0.137273,0.0979007,0.0810432,0.0648966,0.0751739,0.0919663,0.134603,0.0730578,0.0976523,0.0876202,0.0575374,0.0670002,0.156159,0.069434,0.0982227,0.0802646,0.0726877,0.0982668,0.0593322,0.0651456,0.0844705,0.116427,0.083424,0.0546125,0.0600384
0816_n123456 etc_RHD_c1.2_b8_aFalse_vTrue_dFalse_i5.0w,81476.56516003609,0.07809834,||cost_time:,18.79270577430725,1594.1621932983398,3226.510499238968,4847.903946638107,6479.343670845032,8098.66464805603,9722.11920928955,11345.839145421982,12970.509363174438,14595.749971151352,16221.457936525345,17851.044021844864,19477.75027871132,21106.34837293625,22737.220015525818,24367.147827148438,25999.272379398346,27629.169741392136,29259.75111722946,30889.838229179382,32520.478579044342,34152.910939216614,35782.74311089516,37414.15274810791,39045.88363647461,40677.82670068741,42311.420139074326,43944.35433912277,45576.51520705223,47209.95401406288,48842.34485197067,50476.65615415573,52108.604939460754,53741.03686475754,55374.3439450264,57008.20931816101,58643.73828434944,60277.63051342964,61912.333703279495,63546.20653271675,65183.52767825127,66832.10029482841,68469.54283690453,70102.80640864372,71732.02481555939,73349.17054510117,74963.12205481529,76576.83456158638,78203.42128133774,79841.4472014904,81476.56516003609,||loss:,0.36867568,0.2428301,0.21845666,0.1844638,0.1568489,0.16101278,0.1467099,0.13559213,0.14971639,0.12236197,0.10233752,0.12660429,0.16267155,0.13248333,0.11314718,0.105575025,0.12278519,0.11309465,0.11347356,0.1356224,0.08911324,0.11364965,0.11761883,0.10032806,0.10270696,0.128539,0.115604,0.12828626,0.1035925,0.11270553,0.086700805,0.10786174,0.11247225,0.07746267,0.09249383,0.091041334,0.08551036,0.078311324,0.08534013,0.08381782,0.109979965,0.09121341,0.088763915,0.07302757,0.07500169,0.0781651,0.08847611,0.06644158,0.07377423,0.07809834
